code,genotype
88,0
108,0
139,0
159,1
265,0
350,1
351,1
403,1
410,0
424,0
428,0
430,0
470,0
476,0
484,0
504,0
506,0
531,0
544,0
546,0
628,0
630,0
680,0
681,0
685,0
687,0
728,0
742,0
763,0
765,0
766,0
768,1
772,0
801,0
853,0
854,0
867,0
868,0
870,1
915,0
932,0
991,0
992,0
997,0
1002,0
1006,0
1061,0
1062,0
1063,0
1066,0
1070,0
1158,0
1166,0
1254,0
1257,0
1313,1
1317,0
1552,0
1612,0
1622,0
1651,0
1652,0
1676,0
1684,0
1739,0
1741,0
1756,0
1757,0
1793,0
1797,0
1820,0
1829,0
1834,0
1835,0
1852,0
1853,0
1872,0
1890,0
1925,0
1942,0
1943,0
1954,0
2016,0
2031,0
2053,0
2057,1
2081,0
2091,0
2106,0
2108,0
2141,0
2159,0
2166,0
2171,0
2191,0
2202,0
2212,0
2239,0
2240,0
2276,0
2278,0
2285,0
2286,0
2317,0
2370,0
2412,0
4779,0
4807,0
4826,0
4840,0
4857,0
4884,0
4900,0
4939,0
4958,0
5023,0
5104,0
5151,0
5165,0
5210,0
5236,0
5249,0
5253,0
5276,0
5279,0
5349,0
5353,0
5395,0
5486,0
5577,0
5644,0
5651,0
5717,0
5718,0
5720,0
5726,0
5741,0
5748,1
5757,1
5768,0
5772,0
5776,0
5779,0
5784,0
5798,0
5800,0
5811,0
5822,0
5830,0
5831,0
5832,0
5836,0
5837,0
5856,0
5860,0
5865,0
5867,0
5874,0
5890,0
5893,0
5907,0
5921,0
5950,0
5984,0
5993,0
6008,0
6009,0
6010,0
6011,0
6012,0
6013,0
6016,0
6017,0
6019,0
6020,0
6021,0
6022,0
6023,0
6024,0
6025,0
6030,0
6034,0
6035,0
6036,0
6038,0
6039,0
6040,0
6041,1
6042,0
6043,0
6046,0
6064,0
6069,0
6070,0
6071,0
6073,0
6074,0
6076,0
6077,0
6085,0
6086,0
6087,0
6088,0
6090,0
6091,0
6092,0
6094,0
6095,0
6097,1
6098,0
6099,0
6100,0
6101,0
6102,0
6104,0
6105,0
6106,1
6107,0
6108,0
6109,0
6111,0
6112,0
6113,0
6114,0
6115,0
6118,0
6119,0
6122,0
6123,0
6124,0
6125,0
6126,1
6128,0
6131,0
6132,1
6133,0
6134,0
6136,0
6137,0
6138,0
6140,0
6141,1
6142,0
6145,0
6148,0
6149,0
6150,0
6151,0
6153,0
6154,0
6163,0
6166,0
6169,0
6172,0
6173,0
6174,0
6177,0
6180,0
6184,0
6188,0
6189,0
6191,0
6192,0
6193,0
6194,0
6195,0
6201,0
6202,0
6203,0
6209,0
6210,0
6214,0
6216,0
6217,0
6218,0
6220,0
6221,0
6231,0
6235,0
6237,0
6238,0
6240,0
6241,0
6242,0
6243,0
6244,0
6252,0
6255,0
6258,0
6268,0
6276,0
6284,0
6296,0
6390,0
6396,0
6413,0
6424,0
6434,0
6445,0
6739,0
6740,0
6744,0
6749,0
6750,0
6805,0
6806,0
6814,0
6830,0
6897,1
6898,0
6900,0
6901,0
6903,0
6904,0
6907,0
6908,0
6911,1
6913,0
6915,0
6917,0
6918,0
6919,1
6920,0
6922,0
6923,0
6924,0
6926,0
6927,0
6929,0
6931,0
6932,0
6933,0
6938,0
6940,0
6943,0
6944,0
6945,0
6951,1
6956,0
6957,0
6958,0
6959,0
6960,0
6961,0
6963,0
6966,0
6967,0
6968,0
6970,1
6971,0
6973,0
6974,0
6975,0
6976,1
6979,0
6981,0
6982,0
6984,1
6986,0
6987,0
6989,0
6990,0
6992,0
6997,1
7000,1
7002,0
7003,0
7008,0
7013,0
7014,0
7025,0
7026,0
7028,0
7031,0
7033,0
7036,0
7058,0
7061,0
7062,0
7064,0
7067,0
7068,0
7071,0
7072,0
7077,0
7081,0
7092,0
7094,0
7096,0
7102,0
7103,0
7106,0
7107,0
7109,0
7111,0
7117,0
7119,0
7120,0
7125,1
7126,0
7127,0
7130,0
7133,0
7143,0
7147,0
7158,1
7160,0
7161,0
7162,1
7163,0
7165,1
7169,1
7177,0
7181,0
7183,0
7186,0
7192,1
7199,0
7202,0
7203,0
7207,0
7208,0
7209,0
7213,0
7217,0
7218,0
7223,0
7231,0
7236,0
7244,0
7248,0
7250,0
7255,0
7258,0
7268,1
7273,0
7276,0
7280,0
7282,0
7287,0
7288,1
7296,0
7298,0
7305,0
7306,0
7307,0
7314,0
7316,0
7319,0
7320,0
7322,1
7323,0
7327,0
7328,0
7332,0
7333,0
7337,1
7342,0
7343,0
7344,0
7346,1
7347,0
7349,0
7350,0
7353,0
7354,0
7356,0
7358,0
7359,0
7372,0
7373,0
7378,0
7382,0
7383,0
7384,0
7387,0
7394,0
7396,0
7404,1
7411,0
7413,0
7416,0
7417,1
7418,0
7419,0
7424,0
7430,0
7460,0
7461,0
7471,0
7475,0
7477,0
7514,0
7515,0
7516,0
7517,0
7520,1
7521,0
7523,0
7525,1
7529,1
7530,1
7566,0
7568,0
7717,0
7757,0
7767,0
7917,0
7947,0
8037,0
8057,0
8077,0
8132,1
8171,1
8214,1
8222,0
8227,0
8230,0
8231,0
8233,0
8234,0
8235,0
8236,0
8237,1
8238,1
8239,0
8240,0
8241,0
8242,0
8243,1
8244,1
8246,0
8247,0
8249,0
8256,1
8259,0
8264,1
8283,1
8284,0
8285,1
8290,0
8297,0
8306,0
8307,0
8311,0
8312,0
8326,0
8334,0
8335,0
8337,1
8343,0
8351,0
8354,0
8357,0
8365,0
8366,0
8369,0
8376,0
8386,0
8419,0
8420,0
8422,0
8424,0
8426,0
8427,0
8483,0
8699,0
9027,1
9057,1
9058,0
9067,0
9069,0
9070,0
9075,0
9078,0
9079,0
9081,0
9084,0
9085,0
9089,0
9091,1
9095,0
9099,0
9100,1
9102,1
9103,1
9104,1
9105,1
9106,1
9111,0
9113,1
9114,0
9121,0
9125,0
9128,0
9130,0
9131,0
9133,0
9134,0
9298,0
9314,0
9321,0
9323,0
9332,0
9336,0
9339,0
9343,0
9352,0
9353,0
9363,0
9369,0
9370,0
9371,0
9380,0
9381,0
9382,0
9383,0
9386,0
9388,0
9390,0
9391,0
9392,0
9394,0
9395,0
9399,0
9402,1
9404,0
9405,0
9407,0
9408,0
9409,0
9412,0
9413,0
9416,0
9421,0
9433,0
9436,0
9437,0
9442,0
9450,0
9451,0
9452,0
9453,1
9454,1
9455,1
9470,0
9471,0
9476,0
9481,0
9503,0
9506,0
9507,0
9508,0
9509,0
9510,0
9511,0
9512,0
9513,0
9514,0
9515,0
9517,1
9518,0
9519,0
9521,0
9522,0
9523,0
9524,0
9525,0
9526,0
9527,0
9528,0
9529,0
9530,0
9531,0
9532,0
9533,0
9534,0
9535,0
9536,0
9537,0
9539,0
9540,0
9541,0
9542,0
9543,0
9544,0
9545,0
9546,0
9547,0
9548,0
9549,0
9550,0
9551,1
9552,0
9553,0
9554,0
9555,0
9556,0
9557,0
9558,0
9559,0
9560,0
9561,0
9562,0
9564,0
9565,0
9567,0
9568,0
9569,0
9571,1
9573,0
9574,0
9576,0
9577,0
9578,0
9579,0
9581,1
9582,0
9583,0
9584,0
9585,0
9586,0
9587,0
9588,0
9589,1
9590,0
9591,0
9593,1
9594,0
9595,0
9596,0
9597,1
9598,0
9599,0
9601,0
9602,0
9606,1
9607,0
9609,0
9610,0
9611,0
9612,0
9613,0
9615,0
9616,0
9617,0
9619,0
9620,0
9621,0
9622,1
9624,0
9625,0
9626,0
9627,0
9628,0
9629,0
9630,0
9631,1
9632,0
9633,0
9634,0
9635,0
9636,0
9637,0
9638,0
9639,0
9640,0
9641,0
9642,1
9643,0
9644,0
9645,0
9646,0
9647,0
9648,0
9649,0
9651,0
9653,0
9655,0
9656,0
9657,0
9658,0
9659,0
9660,0
9663,0
9664,0
9665,0
9666,0
9667,0
9668,0
9669,0
9670,0
9671,0
9672,0
9673,0
9676,0
9677,0
9678,0
9679,0
9680,0
9681,0
9682,0
9683,0
9684,0
9685,0
9686,0
9687,0
9689,0
9690,0
9691,0
9692,1
9693,1
9694,0
9695,0
9696,0
9697,0
9698,0
9699,1
9700,0
9701,0
9703,0
9704,0
9705,0
9706,1
9707,0
9708,1
9709,0
9710,0
9711,0
9712,0
9713,0
9714,0
9716,0
9717,0
9718,0
9719,0
9720,0
9721,0
9722,0
9723,0
9725,0
9726,0
9728,0
9730,0
9731,0
9732,0
9733,0
9735,0
9736,1
9737,0
9738,0
9741,0
9743,1
9744,0
9745,0
9747,1
9748,0
9749,1
9754,1
9755,0
9756,0
9757,0
9758,1
9759,0
9761,0
9762,0
9764,0
9766,0
9768,0
9769,0
9770,0
9771,0
9772,0
9774,1
9775,0
9776,0
9777,0
9778,0
9779,0
9780,0
9781,0
9782,0
9783,0
9784,0
9785,0
9786,0
9787,0
9788,0
9789,0
9790,0
9791,0
9792,0
9793,0
9794,0
9795,0
9796,0
9797,0
9798,0
9799,0
9800,0
9801,0
9802,0
9803,0
9804,0
9805,0
9806,0
9807,0
9808,0
9809,0
9810,0
9812,0
9815,0
9816,0
9822,0
9823,0
9824,0
9825,0
9826,0
9827,0
9828,0
9830,0
9831,0
9832,0
9833,0
9834,0
9835,0
9836,0
9837,0
9839,0
9843,0
9846,0
9849,0
9850,0
9851,0
9852,0
9853,1
9854,1
9855,0
9856,0
9857,0
9858,0
9859,0
9860,0
9861,0
9862,0
9864,0
9867,0
9868,0
9870,0
9877,0
9878,0
9879,0
9880,0
9881,0
9882,0
9883,0
9885,0
9886,0
9887,0
9888,0
9890,0
9891,0
9892,1
9894,0
9895,0
9897,0
9898,0
9899,0
9900,0
9901,0
9902,0
9903,1
9904,0
9905,0
9906,0
9908,0
9910,0
9911,0
9912,0
9917,0
9918,0
9920,0
9925,0
9926,0
9927,1
9933,0
9935,0
9937,0
9945,0
9948,0
9949,0
9950,0
9952,0
9953,0
9955,0
9956,0
9957,0
9958,0
9959,0
9960,0
9962,1
9963,0
9964,0
9965,0
9966,0
9970,0
9975,0
9978,0
9982,1
9984,0
9986,0
9987,0
9988,0
9990,1
9991,0
9993,0
9995,1
9996,1
9997,0
9998,0
9999,0
10001,0
10002,0
10004,1
10005,1
10006,1
10008,0
10009,0
10010,0
10011,0
10012,1
10013,0
10014,0
10015,0
10017,0
10018,1
10020,0
10022,0
10023,0
10027,0
14312,0
14313,0
14314,0
14315,0
14318,0
14319,1
15560,0
15591,0
15592,0
15593,0
