code,AUDPS_Anc_21,AUDPS_Evo_21,Infectivity_Anc_21,Infectivity_Evo_21,SYM_Anc,SYM_Evo,Necrosis_Anc,Necrosis_Evo
88,3.770833333,15.08333333,0.25,1,3,4,0,0
108,8.427083333,8.302083333,0.625,0.625,2,3,0,0
139,3.28125,9.052083333,0.375,0.625,2,2,0,0
159,0,11.1875,0,0.75,0,5,0,1
265,1.010416667,0.53125,0.125,0.375,1,1,0,0
350,0.760416667,3.270833333,0.125,0.25,4,4,0,0
351,13.45833333,10.1875,0.875,0.75,5,1,1,0
403,11.1875,13.32291667,0.75,0.875,3,3,0,0
410,12.94791667,13.44791667,0.875,0.875,3,4,0,0
424,11.3125,13.57291667,0.75,0.875,2,4,0,0
428,6.166666667,1.510416667,0.5,0.125,3,2,0,0
430,2.90625,1.010416667,0.375,0.125,4,2,0,0
470,2.895833333,1.020833333,0.25,0.25,3,3,0,0
476,2.145833333,6.302083333,0.25,0.625,4,3,0,0
484,0,4.53125,0,0.375,0,3,0,0
504,1.770833333,7.041666667,0.25,0.5,3,3,0,0
506,2.895833333,8.822916667,0.25,0.875,3,3,0,0
531,4.791666667,8.822916667,0.5,0.875,3,3,0,0
544,5.666666667,8.9375,0.5,0.75,3,3,0,0
546,1.020833333,1.760416667,0.25,0.125,2,4,0,0
628,4.65625,1.385416667,0.375,0.125,2,1,0,0
630,3.520833333,3.770833333,0.25,0.25,3,3,0,0
680,4.177083333,2.770833333,0.625,0.25,3,3,0,0
681,2.65625,3.90625,0.375,0.375,3,3,0,0
685,8.697916667,1.760416667,0.875,0.125,3,3,0,0
687,0,5.427083333,0,0.625,0,3,0,0
728,4.177083333,2.270833333,0.625,0.25,3,3,0,0
742,6.1875,8.5625,0.75,0.75,3,3,0,0
763,7.619047619,14.82291667,0.571428571,0.875,0,4,0,0
765,5.90625,10.17708333,0.375,0.625,3,3,0,0
766,5.041666667,2.395833333,0.5,0.25,3,3,0,0
768,4.90625,7.916666667,0.375,0.5,3,4,0,0
772,8.041666667,16.58333333,0.5,1,5,5,1,1
801,9.083333333,9.6875,0.666666667,0.5,1,1,0,0
853,7.322916667,3.770833333,0.875,0.25,3,4,0,0
854,5.416666667,5.416666667,0.5,0.5,3,3,0,0
867,0,3.552083333,0,0.625,0,3,0,0
868,2.78125,0.760416667,0.375,0.125,3,1,0,0
870,3.90625,8.802083333,0.375,0.625,5,5,1,1
915,8.8125,8.166666667,0.75,0.5,4,3,0,0
932,2.270833333,0.885416667,0.25,0.125,2,2,0,0
991,6.916666667,4.270833333,0.5,0.25,3,2,0,0
992,6.427083333,4.020833333,0.625,0.25,2,1,0,0
997,1.385416667,3.020833333,0.125,0.25,1,2,0,0
1002,0,4.270833333,0,0.25,0,1,0,0
1006,0,6.28125,0,0.375,0,2,0,0
1061,2.135416667,4.270833333,0.125,0.25,2,3,0,0
1062,1.010416667,4.53125,0.125,0.375,1,2,0,0
1063,1.010416667,0,0.125,0,2,0,0,0
1066,3.520833333,1.385416667,0.25,0.125,2,2,0,0
1070,5.541666667,10.07291667,0.5,0.875,2,3,0,0
1158,7.177083333,5.90625,0.625,0.375,5,5,1,1
1166,2.154761905,1.510416667,0.142857143,0.125,2,3,0,0
1254,9.052083333,5.90625,0.625,0.375,4,3,0,0
1257,6.166666667,12.94791667,0.5,0.875,2,1,0,0
1313,8.177083333,5.78125,0.5,0.375,1,1,0,0
1317,3.351851852,5.541666667,0.222222222,0.25,1,1,0,0
1552,1.385416667,8.677083333,0.125,0.5,2,3,0,0
1612,0,4.541666667,0,0.5,0,3,0,0
1622,2.010416667,1.135416667,0.125,0.125,2,2,0,0
1651,0,2.895833333,0,0.25,0,3,0,0
1652,0.760416667,5.927083333,0.125,0.625,2,3,0,0
1676,7.802083333,6.291666667,0.625,0.5,4,4,0,0
1684,7.177083333,2.895833333,0.625,0.25,2,3,0,0
1739,1.010416667,0,0.125,0,2,0,0,0
1741,2.020833333,2.520833333,0.25,0.25,2,2,0,0
1756,0.635416667,4.041666667,0.125,0.5,2,2,0,0
1757,0,4.03125,0,0.375,0,2,0,0
1793,3.65625,3.78125,0.375,0.375,1,2,0,0
1797,0,3.145833333,0,0.25,0,2,0,0
1820,3.770833333,0,0.25,0,2,0,0,0
1829,4.90625,4.90625,0.375,0.375,1,1,0,0
1834,0,1.010416667,0,0.125,0,2,0,0
1835,1.510416667,10.0625,0.125,0.625,1,3,0,0
1852,0,1.760416667,0,0.125,0,1,0,0
1853,0.760416667,2.895833333,0.125,0.25,2,2,0,0
1872,5.541666667,3.520833333,0.5,0.25,3,2,0,0
1890,10.4375,9.302083333,0.75,0.625,2,2,0,0
1925,4.270833333,9.552083333,0.25,0.625,4,3,0,0
1942,4.791666667,2.15625,0.5,0.375,3,2,0,0
1943,0,2.010416667,0,0.125,0,2,0,0
1954,4.65625,6.791666667,0.375,0.5,1,1,0,0
2016,4.90625,7.041666667,0.375,0.5,2,3,0,0
2031,6.0625,5.427083333,0.75,0.625,3,3,0,0
2053,5.927083333,4.791666667,0.625,0.5,2,3,0,0
2057,5.15625,13.19791667,0.375,0.875,5,5,1,1
2081,7.072916667,3.28125,0.875,0.375,3,2,0,0
2091,3.020833333,7.1875,0.25,0.75,2,4,0,0
2106,6.9375,6.5625,0.75,0.75,3,3,0,0
2108,5.802083333,8.427083333,0.625,0.625,3,3,0,0
2141,2.28125,8.9375,0.375,0.75,2,3,0,0
2159,3.541666667,5.291666667,0.5,0.5,2,2,0,0
2166,6.6875,7.3125,0.75,0.75,3,3,0,0
2171,9.9375,3.770833333,0.75,0.25,2,2,0,0
2191,2.03125,5.416666667,0.375,0.5,1,2,0,0
2202,14.58333333,14.32291667,1,0.875,4,4,0,0
2212,6.3125,5.552083333,0.75,0.625,3,3,0,0
2239,7.5625,8.1875,0.75,0.75,3,3,0,0
2240,7.197916667,4.416666667,0.875,0.5,3,3,0,0
2276,6.552083333,9.9375,0.625,0.75,3,3,0,0
2278,0,0,0,0,0,0,0,0
2285,0,2.270833333,0,0.25,0,3,0,0
2286,2.270833333,3.15625,0.25,0.375,2,2,0,0
2317,1.520833333,9.552083333,0.25,0.625,1,3,0,0
2370,2.395833333,0.635416667,0.25,0.125,2,1,0,0
2412,0,1.416666667,0,0.2,0,2,0,0
4779,0,0,0,0,0,0,0,0
4807,10.42708333,11.57291667,0.625,0.625,1,1,0,0
4826,1.416666667,5.694444444,0.2,0.333333333,1,2,0,0
4840,6.166666667,5.8125,0.5,0.75,2,1,0,0
4857,3.916666667,5.5625,0.5,0.75,3,3,0,0
4884,5.5625,4.90625,0.75,0.375,1,1,0,0
4900,4.302083333,3.177083333,0.625,0.625,3,2,0,0
4939,4.666666667,5.427083333,0.5,0.625,2,2,0,0
4958,5.03125,4.020833333,0.375,0.25,2,2,0,0
5023,3.520833333,2.770833333,0.25,0.25,1,3,0,0
5104,6.291666667,2.135416667,0.5,0.125,3,3,0,0
5151,3.90625,7.552083333,0.375,0.5,2,3,0,0
5165,3.28125,3.395833333,0.375,0.25,4,4,0,0
5210,4.666666667,0.135416667,0.5,0.125,2,1,0,0
5236,3.666666667,7.802083333,0.5,0.625,1,3,0,0
5249,0,1.135416667,0,0.125,0,2,0,0
5253,9.427083333,10.4375,0.625,0.75,4,4,0,0
5276,2.78125,6.166666667,0.375,0.5,2,2,0,0
5279,5.541666667,7.166666667,0.5,0.5,2,3,0,0
5349,10.6875,4.145833333,0.75,0.25,2,2,0,0
5353,3.020833333,1.760416667,0.25,0.125,2,2,0,0
5395,3.270833333,8.802083333,0.25,0.625,3,3,0,0
5486,2.847222222,8.208333333,0.166666667,0.5,4,4,0,0
5577,1.510416667,4.15625,0.125,0.375,1,2,0,0
5644,4.541666667,4.270833333,0.5,0.25,3,3,0,0
5651,5.552083333,6.6875,0.625,0.75,3,2,0,0
5717,7.072916667,5.166666667,0.875,0.5,2,2,0,0
5718,0.510416667,2.270833333,0.125,0.25,2,2,0,0
5720,4.15625,7.802083333,0.375,0.625,3,3,0,0
5726,3.40625,2.895833333,0.375,0.25,2,2,0,0
5741,4.53125,5.791666667,0.375,0.5,3,2,0,0
5748,10.3125,12.1875,0.75,0.75,2,4,0,0
5757,6.166666667,2.895833333,0.5,0.25,2,2,0,0
5768,2.270833333,4.927083333,0.25,0.625,3,2,0,0
5772,7.802083333,10.33333333,0.625,1,2,2,0,0
5776,8.322916667,12.94791667,0.875,0.875,2,2,0,0
5779,5.761904762,10.94791667,0.571428571,0.875,2,2,0,0
5784,11.1875,10.9375,0.75,0.75,3,3,0,0
5798,5.052083333,6.447916667,0.625,0.875,2,2,0,0
5800,5.90625,6.03125,0.375,0.375,2,1,0,0
5811,1.885416667,3.520833333,0.125,0.25,2,2,0,0
5822,1.520833333,1.760416667,0.25,0.125,1,1,0,0
5830,2.770833333,2.270833333,0.25,0.25,1,1,0,0
5831,0.260416667,0,0.125,0,1,0,0,0
5832,7.677083333,0,0.375,0,1,0,0,0
5836,16.60416667,14.85416667,0.875,1,1,1,0,0
5837,15.20833333,12.94791667,1,0.875,3,2,0,0
5856,11.0625,5.361111111,0.75,0.333333333,1,1,0,0
5860,7.5625,5.677083333,0.75,0.625,1,1,0,0
5865,2.010416667,6.791666667,0.125,0.375,2,3,0,0
5867,10.5625,16.08333333,0.75,1,2,4,0,0
5874,5.78125,7.802083333,0.375,0.625,2,2,0,0
5890,7.177083333,13.57291667,0.625,0.875,1,2,0,0
5893,7.552083333,8.302083333,0.625,0.5,1,2,0,0
5907,4.291666667,6.041666667,0.5,0.5,2,2,0,0
5921,16.33333333,17.35416667,1,1,1,2,0,0
5950,4.020833333,15.84375,0.25,1,2,3,0,0
5984,11.0625,13.44791667,0.75,0.875,3,4,0,0
5993,8.552083333,11.3125,0.625,0.75,3,2,0,0
6008,2.135416667,4.145833333,0.125,0.25,4,4,0,0
6009,0,2.010416667,0,0.125,0,1,0,0
6010,1.635416667,0.260416667,0.125,0.125,2,1,0,0
6011,2.135416667,9.5625,0.125,0.75,1,1,0,0
6012,10.4375,3.15625,0.75,0.375,1,1,0,0
6013,0,1.885416667,0,0.125,0,1,0,0
6016,1.385416667,2.770833333,0.125,0.25,1,1,0,0
6017,3.770833333,5.416666667,0.25,0.5,2,2,0,0
6019,0,4.90625,0,0.375,0,2,0,0
6020,10.3125,3.270833333,0.75,0.25,2,2,0,0
6021,7.177083333,5.15625,0.625,0.375,1,1,0,0
6022,6.416666667,8.177083333,0.5,0.625,2,2,0,0
6023,8.052083333,10.0625,0.625,0.75,2,2,0,0
6024,7.427083333,7.677083333,0.5,0.375,1,1,0,0
6025,6.791666667,3.645833333,0.5,0.25,3,3,0,0
6030,7.791666667,7.291666667,0.5,0.5,1,2,0,0
6034,5.40625,8.302083333,0.375,0.625,2,1,0,0
6035,3.645833333,1.885416667,0.25,0.125,3,2,0,0
6036,2.010416667,0,0.125,0,2,0,0,0
6038,0.770833333,5.666666667,0.25,0.5,1,3,0,0
6039,2.40625,2.395833333,0.375,0.25,2,3,0,0
6040,1.260416667,7.927083333,0.125,0.625,1,3,0,0
6041,2.895833333,2.770833333,0.25,0.25,3,2,0,0
6042,4.270833333,2.010416667,0.25,0.125,4,4,0,0
6043,4.666666667,7.541666667,0.5,0.5,2,3,0,0
6046,4.916666667,6.041666667,0.375,0.5,2,2,0,0
6064,0.135416667,0,0.125,0,1,0,0,0
6069,7.302083333,2.770833333,0.5,0.25,1,2,0,0
6070,1.15625,6.052083333,0.375,0.625,1,1,0,0
6071,5.791666667,4.53125,0.5,0.375,1,1,0,0
6073,3.28125,4.166666667,0.375,0.5,2,2,0,0
6074,1.520833333,1.770833333,0.25,0.25,2,2,0,0
6076,6.177083333,2.90625,0.625,0.375,2,2,0,0
6077,0,6.916666667,0,0.5,0,1,0,0
6085,2.770833333,4.145833333,0.25,0.25,1,1,0,0
6086,7.541666667,4.020833333,0.5,0.25,2,2,0,0
6087,7.166666667,5.40625,0.5,0.375,3,2,0,0
6088,8.052083333,6.677083333,0.625,0.625,3,3,0,0
6090,11.3125,4.28125,0.625,0.375,1,1,0,0
6091,3.520833333,4.40625,0.25,0.375,1,1,0,0
6092,9.45,6.833333333,0.6,0.4,2,1,0,0
6094,7.708333333,5.694444444,0.5,0.333333333,2,2,0,0
6095,0,2.513888889,0,0.166666667,0,2,0,0
6097,2.180555556,0,0.166666667,0,2,0,0,0
6098,6.035714286,11.86666667,0.428571429,0.8,3,3,0,0
6099,2.90625,8.427083333,0.375,0.5,1,2,0,0
6100,7.041666667,11.33333333,0.375,0.625,2,2,0,0
6101,1.385416667,6.791666667,0.125,0.5,3,2,0,0
6102,0,1.885416667,0,0.125,0,1,0,0
6104,7.302083333,8.052083333,0.625,0.5,2,2,0,0
6105,10.69791667,9.6875,0.875,0.75,2,2,0,0
6106,5.15625,5.416666667,0.375,0.5,1,2,0,0
6107,8.052083333,13.82291667,0.625,0.875,3,4,0,0
6108,12.82291667,7.541666667,0.875,0.5,4,3,0,0
6109,8.677083333,3.395833333,0.625,0.25,1,1,0,0
6111,6.052083333,10.69791667,0.625,0.875,2,2,0,0
6112,9.072916667,2.010416667,0.875,0.125,2,2,0,0
6113,6.166666667,7.427083333,0.5,0.625,2,2,0,0
6114,2.010416667,2.770833333,0.125,0.25,2,2,0,0
6115,2.135416667,0,0.125,0,2,0,0,0
6118,4.28125,1.510416667,0.375,0.125,2,2,0,0
6119,8.177083333,4.53125,0.625,0.375,2,1,0,0
6122,7.552083333,8.177083333,0.625,0.625,1,2,0,0
6123,0,0,0,0,0,0,0,0
6124,6.416666667,9.4375,0.5,0.5,2,2,0,0
6125,0,1.270833333,0,0.25,0,1,0,0
6126,1.385416667,3.645833333,0.125,0.25,1,2,0,0
6128,3.645833333,6.041666667,0.25,0.5,2,2,0,0
6131,0,0,0,0,0,0,0,0
6132,1.885416667,0,0.125,0,2,0,0,0
6133,1.260416667,2.520833333,0.125,0.25,1,1,0,0
6134,2.270833333,4.916666667,0.25,0.5,1,1,0,0
6136,3.020833333,5.041666667,0.25,0.5,2,3,0,0
6137,3.40625,5.28125,0.375,0.375,2,3,0,0
6138,6.416666667,2.770833333,0.5,0.25,1,1,0,0
6140,4.15625,1.385416667,0.375,0.125,1,1,0,0
6141,1.385416667,2.145833333,0.125,0.25,1,1,0,0
6142,1.260416667,4.178571429,0.125,0.428571429,1,2,0,0
6145,10.3125,9.3125,0.625,0.5,1,1,0,0
6148,5.40625,12.69791667,0.375,0.75,2,2,0,0
6149,3.03125,2.895833333,0.375,0.25,1,1,0,0
6150,3.770833333,0.885416667,0.25,0.125,1,2,0,0
6151,1.885416667,3.770833333,0.125,0.25,1,3,0,0
6153,3.90625,4.270833333,0.375,0.25,2,3,0,0
6154,3.270833333,0,0.25,0,3,0,0,0
6163,4.90625,10.1875,0.375,0.75,4,4,0,0
6166,4.15625,10.05208333,0.375,0.625,4,4,0,0
6169,8.927083333,5.916666667,0.625,0.5,3,2,0,0
6172,19.39583333,16.625,0.875,0.75,2,3,0,0
6173,15.08333333,11.5625,1,0.75,2,3,0,0
6174,5.791666667,5.40625,0.5,0.375,3,3,0,0
6177,11.5625,10.32291667,0.75,0.875,4,3,0,0
6180,4.145833333,0,0.25,0,4,0,0,0
6184,9.697916667,8.6875,0.875,0.75,4,3,0,0
6188,3.020833333,1.885416667,0.25,0.125,2,1,0,0
6189,2.40625,5.302083333,0.375,0.625,1,2,0,0
6191,9.8125,4.15625,0.75,0.375,3,3,0,0
6192,4.90625,10.94791667,0.375,0.875,3,3,0,0
6193,8.4375,9.822916667,0.75,0.875,2,3,0,0
6194,5.916666667,14.33333333,0.5,1,2,3,0,0
6195,3.541666667,4.916666667,0.5,0.5,2,2,0,0
6201,3.520833333,5.416666667,0.25,0.5,2,2,0,0
6202,5.15625,1.385416667,0.375,0.125,2,1,0,0
6203,1.145833333,2.395833333,0.25,0.25,1,2,0,0
6209,1.135416667,3.65625,0.125,0.375,1,1,0,0
6210,2.520833333,3.40625,0.25,0.375,1,1,0,0
6214,4.78125,6.541666667,0.375,0.5,2,2,0,0
6216,3.15625,3.020833333,0.375,0.25,2,2,0,0
6217,2.770833333,3.520833333,0.25,0.25,2,2,0,0
6218,3.395833333,2.145833333,0.25,0.25,2,1,0,0
6220,10.30208333,12.1875,0.625,0.75,3,4,0,0
6221,9.3125,18.5,0.625,1,3,3,0,0
6231,7.541666667,2.291666667,0.5,0.5,3,2,0,0
6235,4.552083333,5.541666667,0.625,0.5,3,3,0,0
6237,8.6875,3.4375,0.75,0.75,3,4,0,0
6238,3.802083333,2.135416667,0.625,0.125,1,1,0,0
6240,4.78125,5.53125,0.375,0.375,3,3,0,0
6241,0,1.885416667,0,0.125,0,4,0,0
6242,1.760416667,4.020833333,0.125,0.25,1,2,0,0
6243,4.90625,2.541666667,0.375,0.5,2,1,0,0
6244,9.677083333,7.552083333,0.625,0.375,4,4,0,0
6252,14.71875,15.71875,0.875,0.875,3,3,0,0
6255,8.322916667,11.20833333,0.875,1,2,3,0,0
6258,3.15625,8.447916667,0.375,0.875,2,3,0,0
6268,5.78125,7.541666667,0.375,0.5,2,3,0,0
6276,0,4.666666667,0,0.5,0,2,0,0
6284,18.35416667,22.16666667,1,1,2,2,0,0
6296,9.427083333,7.666666667,0.625,0.5,4,4,0,0
6390,4.15625,0,0.375,0,2,0,0,0
6396,6.916666667,5.53125,0.5,0.375,3,4,0,0
6413,5.78125,13.19791667,0.375,0.875,3,3,0,0
6424,4.65625,14.35416667,0.375,1,4,3,0,0
6434,11.0625,7.791666667,0.75,0.5,5,5,1,1
6445,10.6875,14.45833333,0.75,1,3,4,0,0
6739,2.78125,4.677083333,0.375,0.625,2,3,0,0
6740,2.145833333,4.916666667,0.25,0.5,2,2,0,0
6744,7.802083333,7.177083333,0.625,0.625,3,2,0,0
6749,2.895833333,7.3125,0.25,0.75,1,2,0,0
6750,3.15625,4.03125,0.375,0.375,1,2,0,0
6805,3.020833333,5.916666667,0.25,0.5,1,1,0,0
6806,2.145833333,1.510416667,0.25,0.125,2,2,0,0
6814,1.895833333,6.052083333,0.25,0.625,2,2,0,0
6830,0,5.53125,0,0.375,0,4,0,0
6897,3.770833333,7.916666667,0.25,0.5,2,3,0,0
6898,0,5.041666667,0,0.5,0,3,0,0
6900,11.3125,5.03125,0.75,0.375,2,3,0,0
6901,8.302083333,11.44791667,0.625,0.875,3,3,0,0
6903,5.28125,2.010416667,0.375,0.125,1,2,0,0
6904,6.041666667,2.770833333,0.5,0.25,2,1,0,0
6907,1.770833333,3.78125,0.25,0.375,2,2,0,0
6908,1.010416667,8.177083333,0.125,0.625,2,2,0,0
6911,7.041666667,8.947916667,0.5,0.875,1,3,0,0
6913,3.020833333,10.69791667,0.25,0.875,1,2,0,0
6915,7.541666667,10.5625,0.5,0.75,4,4,0,0
6917,2.020833333,10.20833333,0.25,1,1,3,0,0
6918,1.145833333,5.552083333,0.25,0.625,2,3,0,0
6919,3.020833333,7.666666667,0.25,0.5,4,4,0,0
6920,2.895833333,3.645833333,0.25,0.25,3,4,0,0
6922,0,0,0,0,0,0,0,0
6923,7.416666667,8.166666667,0.5,0.5,1,3,0,0
6924,2.770833333,3.78125,0.25,0.375,2,2,0,0
6926,1.885416667,5.15625,0.125,0.375,3,3,0,0
6927,0,7.552083333,0,0.625,0,2,0,0
6929,0,7.416666667,0,0.5,0,3,0,0
6931,2.010416667,7.041666667,0.125,0.375,3,2,0,0
6932,1.010416667,3.020833333,0.125,0.25,1,3,0,0
6933,0,4.78125,0,0.375,0,3,0,0
6938,0,1.385416667,0,0.125,0,1,0,0
6940,2.010416667,6.03125,0.125,0.375,5,5,1,1
6943,3.770833333,12.07291667,0.25,0.875,2,3,0,0
6944,3.770833333,0,0.25,0,3,0,0,0
6945,5.291666667,7.677083333,0.5,0.625,2,3,0,0
6951,0,5.916666667,0,0.5,0,2,0,0
6956,1.385416667,8.927083333,0.125,0.625,2,3,0,0
6957,6.28125,14.44791667,0.375,0.875,3,2,0,0
6958,3.645833333,8.041666667,0.25,0.5,5,5,1,1
6959,1.260416667,6.916666667,0.125,0.5,3,3,0,0
6960,1.760416667,1.760416667,0.125,0.125,3,3,0,0
6961,3.895833333,3.895833333,0.25,0.25,3,2,0,0
6963,3.28125,1.385416667,0.375,0.125,2,2,0,0
6966,1.760416667,8.552083333,0.125,0.625,2,3,0,0
6967,0.885416667,8.041666667,0.125,0.5,1,5,0,1
6968,3.270833333,5.78125,0.25,0.375,2,2,0,0
6970,1.385416667,9.427083333,0.125,0.625,5,5,1,1
6971,1.510416667,3.395833333,0.125,0.25,3,2,0,0
6973,5.40625,12.07291667,0.375,0.875,3,3,0,0
6974,0.760416667,2.145833333,0.125,0.25,2,2,0,0
6975,0,2.895833333,0,0.25,0,4,0,0
6976,5.15625,8.177083333,0.375,0.625,2,3,0,0
6979,4.53125,6.302083333,0.375,0.625,4,4,0,0
6981,5.65625,15.71875,0.375,0.875,4,5,0,1
6982,6.291666667,8.927083333,0.5,0.625,4,4,0,0
6984,0,1.510416667,0,0.125,0,2,0,0
6986,4.40625,5.041666667,0.375,0.5,3,2,0,0
6987,6.041666667,4.145833333,0.5,0.25,4,4,0,0
6989,1.385416667,9.8125,0.125,0.75,2,3,0,0
6990,0.885416667,6.15625,0.125,0.375,1,1,0,0
6992,2.010416667,5.15625,0.125,0.375,2,2,0,0
6997,5.90625,5.041666667,0.375,0.5,1,1,0,0
7000,5.53125,11.9375,0.375,0.75,2,2,0,0
7002,0,3.65625,0,0.375,0,2,0,0
7003,0,10.0625,0,0.75,0,3,0,0
7008,1.260416667,1.635416667,0.125,0.125,3,2,0,0
7013,2.645833333,14.44791667,0.25,0.875,3,4,0,0
7014,1.510416667,11.5625,0.125,0.75,2,2,0,0
7025,0,11.3125,0,0.75,0,3,0,0
7026,0,4.65625,0,0.375,0,3,0,0
7028,5.90625,12.57291667,0.375,0.875,4,4,0,0
7031,2.010416667,3.645833333,0.125,0.25,4,4,0,0
7033,3.90625,4.020833333,0.375,0.25,2,1,0,0
7036,6.416666667,5.90625,0.5,0.375,3,4,0,0
7058,0,6.927083333,0,0.625,0,3,0,0
7061,0,2.520833333,0,0.25,0,2,0,0
7062,11.9375,14.07291667,0.75,0.875,3,3,0,0
7064,4.65625,7.9375,0.375,0.75,1,2,0,0
7067,8.427083333,16.20833333,0.625,1,5,5,1,1
7068,3.833333333,7.197916667,1,0.875,1,1,0,0
7071,7.666666667,11.1875,0.5,0.75,3,3,0,0
7072,1.385416667,5.666666667,0.125,0.5,3,3,0,0
7077,5.53125,10.4375,0.375,0.75,3,4,0,0
7081,1.510416667,5.541666667,0.125,0.5,3,3,0,0
7092,7.802083333,5.552083333,0.625,0.625,2,1,0,0
7094,8.177083333,10.0625,0.625,0.75,3,4,0,0
7096,5.78125,13.94791667,0.375,0.875,4,4,0,0
7102,3.520833333,9.052083333,0.25,0.625,2,2,0,0
7103,0,3.395833333,0,0.25,5,5,1,1
7106,0.760416667,8.166666667,0.125,0.5,1,4,0,0
7107,1.260416667,4.28125,0.125,0.375,1,4,0,0
7109,4.90625,6.552083333,0.375,0.625,1,3,0,0
7111,0,4.541666667,0,0.5,0,5,0,1
7117,4.15625,6.052083333,0.375,0.625,4,4,0,0
7119,5.291666667,11.4375,0.5,0.75,4,4,0,0
7120,3.895833333,16.33333333,0.25,1,4,4,0,0
7125,5.53125,11.0625,0.375,0.75,4,4,0,0
7126,0,7.541666667,0,0.5,0,1,0,0
7127,0,5.15625,0,0.375,0,4,0,0
7130,0,0,0,0,0,0,0,0
7133,1.770833333,6.552083333,0.25,0.625,4,3,0,0
7143,2.895833333,3.270833333,0.25,0.25,3,4,0,0
7147,1.510416667,8.3125,0.125,0.75,2,4,0,0
7158,0,5.15625,0,0.375,0,3,0,0
7160,1.260416667,3.28125,0.125,0.375,2,2,0,0
7161,5.40625,8.427083333,0.375,0.625,3,4,0,0
7162,1.270833333,5.78125,0.25,0.375,2,5,0,1
7163,0,11.8125,0,0.75,0,4,0,0
7165,0,2.010416667,0,0.125,0,3,0,0
7169,1.510416667,4.65625,0.125,0.375,2,3,0,0
7177,0.510416667,8.302083333,0.125,0.625,4,4,0,0
7181,1.760416667,4.03125,0.125,0.375,2,2,0,0
7183,6.041666667,11.3125,0.5,0.75,1,2,0,0
7186,0,6.666666667,0,0.5,0,3,0,0
7192,3.020833333,7.541666667,0.25,0.5,4,4,0,0
7199,3.90625,12.08333333,0.375,1,5,5,1,1
7202,4.90625,9.5625,0.375,0.75,4,5,0,1
7203,1.510416667,10.9375,0.125,0.75,4,5,0,1
7207,1.385416667,0,0.125,0,3,0,0,0
7208,0,0,0,0,0,0,0,0
7209,5.28125,3.645833333,0.375,0.25,1,4,0,0
7213,1.885416667,4.40625,0.125,0.375,3,3,0,0
7217,2.145833333,5.791666667,0.25,0.5,3,4,0,0
7218,4.40625,10.44791667,0.375,0.875,3,4,0,0
7223,7.052083333,6.927083333,0.625,0.625,2,2,0,0
7231,4.15625,9.802083333,0.375,0.625,5,5,1,1
7236,6.791666667,13.07291667,0.5,0.875,3,4,0,0
7244,4.28125,16.08333333,0.375,1,4,3,0,0
7248,0.385416667,0,0.125,0,1,0,0,0
7250,4.041666667,11.83333333,0.5,0.875,5,5,1,1
7255,4.041666667,7.802083333,0.5,0.625,3,3,0,0
7258,3.895833333,12.0625,0.25,0.75,4,3,0,0
7268,7.052083333,7.427083333,0.5,0.5,3,5,0,1
7273,0,0,0,0,0,0,0,0
7276,0,5.28125,0,0.375,0,2,0,0
7280,2.895833333,3.270833333,0.25,0.25,2,3,0,0
7282,0,6.03125,0,0.375,0,2,0,0
7287,3.395833333,0,0.25,0,1,0,0,0
7288,0,5.75,0,0.428571429,0,2,0,0
7296,2.895833333,9.8125,0.25,0.75,5,5,1,1
7298,0,4.15625,0,0.375,0,3,0,0
7305,9.4375,4.40625,0.75,0.375,2,3,0,0
7306,2.270833333,3.770833333,0.25,0.25,3,3,0,0
7307,4.15625,9.677083333,0.375,0.625,3,4,0,0
7314,5.53125,4.020833333,0.375,0.25,3,4,0,0
7316,0,8.166666667,0,0.5,0,2,0,0
7319,1.760416667,8.416666667,0.125,0.5,0,2,0,0
7320,2.135416667,2.010416667,0.125,0.125,2,1,0,0
7322,0,0,0,0,0,0,0,0
7323,1.510416667,5.916666667,0.125,0.5,2,1,0,0
7327,0,1.135416667,0,0.125,0,2,0,0
7328,0,0.135416667,0,0.125,0,1,0,0
7332,3.395833333,7.9375,0.25,0.75,1,1,0,0
7333,3.770833333,15.84375,0.25,1,1,4,0,0
7337,6.541666667,3.395833333,0.5,0.25,3,3,0,0
7342,3.53125,15.70833333,0.375,1,1,3,0,0
7343,2.020833333,13.08333333,0.25,1,1,3,0,0
7344,1.010416667,3.15625,0.125,0.375,2,1,0,0
7346,3.395833333,11.8125,0.25,0.75,5,5,1,1
7347,2.770833333,6.302083333,0.25,0.625,0,3,0,0
7349,3.520833333,15.58333333,0.25,1,2,3,0,0
7350,3.645833333,7.291666667,0.25,0.5,2,3,0,0
7353,0,1.770833333,0,0.25,0,3,0,0
7354,5.541666667,2.135416667,0.25,0.125,2,2,0,0
7356,5.041666667,3.770833333,0.5,0.25,2,2,0,0
7358,3.28125,7.5625,0.375,0.75,2,3,0,0
7359,2.010416667,6.791666667,0.125,0.5,2,2,0,0
7372,1.010416667,9.177083333,0.125,0.625,3,2,0,0
7373,0,0,0,0,0,0,0,0
7378,5.03125,10.6875,0.375,0.75,2,2,0,0
7382,0,8.677083333,0,0.5,0,5,0,1
7383,4.65625,10.5625,0.375,0.75,4,3,0,0
7384,4.53125,4.020833333,0.375,0.25,1,1,0,0
7387,0,1.010416667,0,0.125,0,3,0,0
7394,1.135416667,11.9375,0.125,0.75,5,4,1,0
7396,0,2.645833333,0,0.25,0,2,0,0
7404,3.645833333,9.552083333,0.25,0.625,2,3,0,0
7411,3.770833333,3.270833333,0.25,0.25,4,4,0,0
7413,5.027777778,7.791666667,0.333333333,0.5,1,1,0,0
7416,7.1875,6.416666667,0.75,0.5,2,2,0,0
7417,7.388888889,12.32291667,0.666666667,0.875,5,5,1,1
7418,0,12.1875,0,0.75,0,4,0,0
7419,14.58333333,15.58333333,1,1,3,3,0,0
7424,3.90625,8.427083333,0.375,0.625,4,4,0,0
7430,2.020833333,10.19791667,0.25,0.875,2,3,0,0
7460,2.010416667,10.3125,0.125,0.75,1,4,0,0
7461,0,3.145833333,0,0.25,0,3,0,0
7471,0,12.58333333,0,1,0,4,0,0
7475,8.822916667,10.58333333,0.875,1,2,3,0,0
7477,7.177083333,8.302083333,0.625,0.625,2,2,0,0
7514,11.57291667,10.0625,0.875,0.75,2,3,0,0
7515,3.65625,5.802083333,0.375,0.625,1,2,0,0
7516,5.427083333,11.3125,0.625,0.75,2,2,0,0
7517,4.53125,7.552083333,0.375,0.625,3,2,0,0
7520,6.041666667,9.0625,0.5,0.75,2,3,0,0
7521,3.40625,12.33333333,0.375,1,2,3,0,0
7523,4.208333333,2.013888889,0.5,0.166666667,2,2,0,0
7525,1.510416667,3.645833333,0.125,0.25,3,4,0,0
7529,1.760416667,6.916666667,0.125,0.5,5,5,1,1
7530,3.770833333,10.07291667,0.25,0.75,5,5,1,1
7566,0,3.90625,0,0.375,0,2,0,0
7568,4.041666667,0,0.5,0,2,0,0,0
7717,3.28125,4.020833333,0.375,0.25,1,4,0,0
7757,1.385416667,3.145833333,0.125,0.25,3,3,0,0
7767,1.135416667,9.322916667,0.125,0.875,3,4,0,0
7917,1.135416667,1.770833333,0.125,0.25,1,2,0,0
7947,2.645833333,6.291666667,0.25,0.5,2,2,0,0
8037,1.635416667,6.166666667,0.125,0.5,2,2,0,0
8057,0,2.145833333,0,0.25,0,2,0,0
8077,5.291666667,6.927083333,0.5,0.625,2,2,0,0
8132,1.635416667,4.020833333,0.125,0.25,4,5,0,1
8171,1.760416667,4.020833333,0.125,0.25,5,5,1,1
8214,0,5.65625,0,0.375,0,4,0,0
8222,0,3.395833333,0,0.25,0,3,0,0
8227,1.635416667,3.395833333,0.125,0.25,2,1,0,0
8230,1.395833333,9.5625,0.25,0.75,1,3,0,0
8231,3.270833333,9.9375,0.25,0.75,3,4,0,0
8233,0.260416667,5.291666667,0.125,0.5,1,3,0,0
8234,1.760416667,1.885416667,0.125,0.125,1,1,0,0
8235,0,8.427083333,0,0.625,0,2,0,0
8236,0,3.65625,0,0.375,0,2,0,0
8237,0,0,0,0,0,0,0,0
8238,2.645833333,8.041666667,0.25,0.5,1,4,0,0
8239,2.135416667,11.4375,0.125,0.75,4,4,0,0
8240,1.010416667,2.770833333,0.125,0.25,1,1,0,0
8241,0.885416667,12.32291667,0.125,0.875,2,3,0,0
8242,0,8.5625,0,0.75,0,3,0,0
8243,0,15.20833333,0,1,0,2,0,0
8244,0,1.520833333,0,0.25,0,2,0,0
8246,0,2.520833333,0,0.25,0,2,0,0
8247,1.510416667,8.4375,0.125,0.75,1,2,0,0
8249,3.645833333,2.645833333,0.25,0.25,2,2,0,0
8256,4.020833333,6.791666667,0.25,0.5,2,2,0,0
8259,3.53125,4.541666667,0.375,0.5,2,3,0,0
8264,5.15625,9.552083333,0.375,0.625,5,5,1,1
8283,2.770833333,8.677083333,0.25,0.625,2,3,0,0
8284,3.40625,4.65625,0.375,0.375,2,3,0,0
8285,6.927083333,11.6875,0.625,0.75,3,3,0,0
8290,0.135416667,8.041666667,0.125,0.5,4,5,0,1
8297,0,7.552083333,0,0.375,0,2,0,0
8306,2.135416667,0,0.125,0,3,0,0,0
8307,1.395833333,3.78125,0.25,0.375,2,3,0,0
8311,1.645833333,3.270833333,0.25,0.25,2,3,0,0
8312,1.885416667,5.90625,0.125,0.375,2,4,0,0
8326,2.520833333,4.916666667,0.25,0.5,3,4,0,0
8334,3.53125,5.416666667,0.375,0.5,2,3,0,0
8335,3.770833333,2.520833333,0.25,0.25,2,2,0,0
8337,5.041666667,9.6875,0.5,0.75,3,2,0,0
8343,1.635416667,8.302083333,0.125,0.625,1,3,0,0
8351,4.291666667,9.1875,0.5,0.75,2,3,0,0
8354,3.78125,7.166666667,0.375,0.5,3,3,0,0
8357,3.145833333,0,0.25,0,1,0,0,0
8365,0,4.020833333,0,0.25,0,4,0,0
8366,2.010416667,9.427083333,0.125,0.625,4,4,0,0
8369,10.45833333,8.458333333,1,1,1,1,0,0
8376,1.760416667,8.677083333,0.125,0.625,2,2,0,0
8386,8.4375,6.427083333,0.75,0.625,3,3,0,0
8419,0,11.1875,0,0.625,0,4,0,0
8420,4.90625,3.645833333,0.375,0.25,4,4,0,0
8422,4.78125,5.53125,0.375,0.375,3,3,0,0
8424,4.90625,9.552083333,0.375,0.625,2,3,0,0
8426,3.770833333,12.82291667,0.25,0.75,4,4,0,0
8427,3.270833333,8.6875,0.25,0.75,4,3,0,0
8483,3.791666667,2.145833333,0.5,0.25,1,2,0,0
8699,1.635416667,3.65625,0.125,0.375,3,3,0,0
9027,0,3.645833333,0,0.25,0,4,0,0
9057,3.145833333,4.291666667,0.25,0.5,2,2,0,0
9058,2.28125,5.552083333,0.375,0.625,1,2,0,0
9067,3.270833333,5.28125,0.25,0.375,4,4,0,0
9069,2.895833333,1.510416667,0.25,0.125,2,2,0,0
9070,2.645833333,5.291666667,0.25,0.5,3,3,0,0
9075,0.135416667,5.166666667,0.125,0.5,1,2,0,0
9078,0,5.15625,0,0.375,0,2,0,0
9079,9.642857143,8.677083333,0.857142857,0.625,3,3,0,0
9081,4.90625,3.28125,0.375,0.375,1,2,0,0
9084,7.552083333,11.82291667,0.625,0.875,3,3,0,0
9085,7.302083333,9.177083333,0.625,0.625,3,3,0,0
9089,1.510416667,13.44791667,0.125,0.875,2,3,0,0
9091,6.541666667,11.8125,0.5,0.75,2,3,0,0
9095,6.708333333,11.83333333,1,1,1,3,0,0
9099,0,4.53125,0,0.375,0,3,0,0
9100,5.40625,11.19791667,0.375,0.875,5,5,1,1
9102,0,10.94791667,0,0.875,0,5,0,1
9103,6.177083333,10.3125,0.625,0.75,2,2,0,0
9104,3.270833333,5.9375,0.25,0.75,1,3,0,0
9105,0,13.69791667,0,0.875,0,5,0,1
9106,1.760416667,12.94791667,0.125,0.875,5,5,1,1
9111,0,5.40625,0,0.375,0,2,0,0
9113,2.645833333,3.520833333,0.25,0.25,4,4,0,0
9114,10.69791667,5.791666667,0.875,0.5,3,3,0,0
9121,4.416666667,5.28125,0.5,0.375,3,3,0,0
9125,10.5625,5.15625,0.75,0.375,2,2,0,0
9128,4.916666667,2.520833333,0.5,0.25,2,2,0,0
9130,0.895833333,4.677083333,0.25,0.625,1,2,0,0
9131,7.677083333,9.052083333,0.625,0.625,1,2,0,0
9133,3.78125,11.0625,0.375,0.75,2,3,0,0
9134,2.010416667,5.53125,0.125,0.375,1,2,0,0
9298,3.020833333,5.916666667,0.25,0.5,1,2,0,0
9314,8.572916667,9.447916667,0.875,0.875,4,4,0,0
9321,8.8125,12.19791667,0.75,0.875,1,2,0,0
9323,7.927083333,9.552083333,0.625,0.625,1,2,0,0
9332,13.20833333,13.69791667,1,0.875,2,2,0,0
9336,11.4375,16.45833333,0.75,1,2,2,0,0
9339,12.69791667,11.44791667,0.875,0.875,2,2,0,0
9343,12.57291667,8.6875,0.875,0.75,2,3,0,0
9352,1.635416667,13.19791667,0.125,0.875,2,3,0,0
9353,6.666666667,12.69791667,0.5,0.875,2,3,0,0
9363,15.21875,10.4375,1,0.75,1,1,0,0
9369,6.166666667,8.677083333,0.5,0.625,3,3,0,0
9370,5.03125,10.9375,0.375,0.75,2,3,0,0
9371,6.1875,6.052083333,0.75,0.625,1,2,0,0
9380,10.94791667,3.145833333,0.875,0.25,2,2,0,0
9381,11.94791667,8.927083333,0.875,0.625,3,2,0,0
9382,2.270833333,7.697916667,0.25,0.875,2,3,0,0
9383,7.9375,4.53125,0.75,0.375,3,2,0,0
9386,1.760416667,14.09375,0.125,0.75,1,2,0,0
9388,8.302083333,5.28125,0.5,0.375,2,2,0,0
9390,8.6875,12.08333333,0.75,1,2,2,0,0
9391,9.0625,12.45833333,0.75,1,1,2,0,0
9392,8.8125,8.9375,0.75,0.75,2,3,0,0
9394,0.510416667,8.6875,0.125,0.75,1,2,0,0
9395,3.53125,1.760416667,0.375,0.125,1,2,0,0
9399,11.57291667,11.32291667,0.875,0.625,1,1,0,0
9402,5.666666667,10.19791667,0.5,0.875,1,2,0,0
9404,8.677083333,3.770833333,0.625,0.25,2,2,0,0
9405,2.145833333,13.07291667,0.25,0.875,2,3,0,0
9407,8.177083333,3.395833333,0.625,0.25,2,3,0,0
9408,7.791666667,11.5625,0.5,0.75,3,3,0,0
9409,10.1875,11.19791667,0.625,0.625,2,2,0,0
9412,2.541666667,5.802083333,0.5,0.625,1,2,0,0
9413,2.770833333,13.20833333,0.25,1,1,3,0,0
9416,7.177083333,6.916666667,0.625,0.5,1,2,0,0
9421,10.94791667,10.1875,0.75,0.625,1,2,0,0
9433,4.40625,4.65625,0.375,0.25,1,2,0,0
9436,10.3125,12.57291667,0.75,0.875,2,3,0,0
9437,4.40625,5.666666667,0.375,0.5,2,2,0,0
9442,0,4.03125,0,0.375,0,1,0,0
9450,2.010416667,14.19791667,0.125,0.875,3,3,0,0
9451,5.041666667,13.70833333,0.5,1,2,3,0,0
9452,12.32291667,13.83333333,0.875,1,2,3,0,0
9453,1.520833333,11.08333333,0.25,1,2,2,0,0
9454,11.57291667,10.5625,0.875,0.75,2,3,0,0
9455,8.052083333,13.33333333,0.625,1,3,3,0,0
9470,9.1875,11.0625,0.75,0.75,2,2,0,0
9471,5.15625,14.45833333,0.375,1,2,2,0,0
9476,2.520833333,10.5625,0.25,0.75,1,1,0,0
9481,10.75,13.08333333,1,1,2,3,0,0
9503,8.052083333,12.91666667,0.625,1,2,2,0,0
9506,9.833333333,9.197916667,1,0.875,2,3,0,0
9507,7.302083333,1.726190476,0.625,0.142857143,3,3,0,0
9508,3.145833333,9.302083333,0.25,0.625,2,2,0,0
9509,14.08333333,11.6875,1,0.75,2,2,0,0
9510,11.95833333,12.1875,1,0.75,3,3,0,0
9511,1.885416667,1.885416667,0.125,0.125,2,2,0,0
9512,0,13.32291667,0,0.875,0,2,0,0
9513,4.40625,3.520833333,0.375,0.25,1,2,0,0
9514,8.177083333,1.520833333,0.625,0.25,1,2,0,0
9515,9.458333333,10.1875,1,0.75,4,4,0,0
9517,0,4.020833333,0,0.25,0,1,0,0
9518,13.95833333,16.96875,0.875,1,1,1,0,0
9519,12.94791667,16.33333333,0.875,1,3,3,0,0
9521,13.69791667,18.35416667,0.875,1,4,4,0,0
9522,10.1875,15.45833333,0.75,1,1,1,0,0
9523,6.802083333,8.9375,0.625,0.75,2,3,0,0
9524,11.1875,15.70833333,0.75,1,2,3,0,0
9525,2.020833333,2.770833333,0.25,0.25,2,2,0,0
9526,0.885416667,5.03125,0.125,0.375,1,3,0,0
9527,11.20833333,8.0625,1,0.75,1,3,0,0
9528,3.78125,8.1875,0.375,0.75,1,2,0,0
9529,9.6875,7.802083333,0.75,0.625,2,2,0,0
9530,6.677083333,8.4375,0.625,0.75,2,2,0,0
9531,4.90625,5.427083333,0.375,0.625,2,2,0,0
9532,3.770833333,10.3125,0.25,0.75,2,2,0,0
9533,7.552083333,3.395833333,0.625,0.25,3,4,0,0
9534,4.041666667,7.427083333,0.5,0.625,2,3,0,0
9535,1.760416667,11.94791667,0.125,0.875,1,2,0,0
9536,2.520833333,10.1875,0.25,0.75,1,3,0,0
9537,0.895833333,3.041666667,0.25,0.5,4,3,0,0
9539,6.802083333,9.0625,0.625,0.75,3,3,0,0
9540,13.95833333,11.32291667,1,0.875,4,4,0,0
9541,2.03125,7.583333333,0.375,1,2,3,0,0
9542,1.916666667,7.208333333,0.5,1,2,3,0,0
9543,11.57291667,14.20833333,0.875,1,4,4,0,0
9544,1.385416667,5.40625,0.125,0.375,2,2,0,0
9545,5.791666667,12.45833333,0.5,1,2,2,0,0
9546,13.58333333,8.677083333,1,0.625,2,3,0,0
9547,11.08333333,10.44791667,1,0.875,2,2,0,0
9548,11.58333333,13.20833333,1,1,1,2,0,0
9549,8.0625,11.83333333,0.75,1,1,2,0,0
9550,5.0625,0,0.75,0,1,0,0,0
9551,2.270833333,11.58333333,0.25,1,2,3,0,0
9552,5.166666667,10.69791667,0.5,0.875,2,3,0,0
9553,3.145833333,7.677083333,0.25,0.625,3,3,0,0
9554,6.541666667,10.5625,0.5,0.75,3,3,0,0
9555,9.177083333,13.69791667,0.625,0.875,5,5,1,1
9556,7.677083333,1.635416667,0.625,0.125,2,2,0,0
9557,10.70833333,8.3125,1,0.75,2,3,0,0
9558,9.072916667,12.20833333,0.875,1,2,3,0,0
9559,6.552083333,13.58333333,0.625,1,2,3,0,0
9560,1.770833333,5.291666667,0.25,0.5,2,2,0,0
9561,5.291666667,5.166666667,0.5,0.5,1,1,0,0
9562,2.770833333,1.260416667,0.25,0.125,2,2,0,0
9564,4.40625,10.1875,0.375,0.75,2,2,0,0
9565,5.666666667,5.15625,0.5,0.375,3,3,0,0
9567,4.791666667,0.635416667,0.5,0.125,1,2,0,0
9568,7.9375,11.08333333,0.75,1,1,3,0,0
9569,9.947916667,11.58333333,0.875,1,3,3,0,0
9571,9.1875,12.32291667,0.75,0.875,4,4,0,0
9573,7.302083333,9.5625,0.625,0.75,2,3,0,0
9574,3.677083333,5.802083333,0.625,0.625,1,2,0,0
9576,1.416666667,1.770833333,0.5,0.25,1,1,0,0
9577,3.416666667,6.1875,0.5,0.75,2,3,0,0
9578,0,1.260416667,0,0.125,0,3,0,0
9579,8.708333333,12.45833333,1,1,1,2,0,0
9581,12.08333333,10.69791667,1,0.875,2,2,0,0
9582,5.677083333,14.70833333,0.625,1,2,3,0,0
9583,12.95833333,10.3125,1,0.75,2,3,0,0
9584,11.32291667,9.0625,0.875,0.75,3,3,0,0
9585,3.177083333,8.9375,0.625,0.75,4,4,0,0
9586,6.666666667,4.78125,0.5,0.375,1,1,0,0
9587,0,10.6875,0,0.75,0,1,0,0
9588,7.6875,9.822916667,0.75,0.875,2,3,0,0
9589,7.166666667,1.885416667,0.5,0.125,5,5,1,1
9590,0,1.510416667,0,0.125,0,3,0,0
9591,8.697916667,8.8125,0.875,0.75,1,2,0,0
9593,7.552083333,9.0625,0.625,0.75,2,2,0,0
9594,5.927083333,10.83333333,0.625,1,1,2,0,0
9595,4.677083333,3.552083333,0.625,0.625,2,2,0,0
9596,11.83333333,13.20833333,1,1,2,3,0,0
9597,12.82291667,13.32291667,0.875,0.875,5,5,1,1
9598,8.427083333,11.57291667,0.625,0.875,3,3,0,0
9599,9.447916667,7.4375,0.875,0.75,2,2,0,0
9601,6.552083333,14.20833333,0.625,1,2,2,0,0
9602,10.82291667,9.1875,0.875,0.75,1,2,0,0
9606,13.94791667,14.83333333,0.875,1,4,4,0,0
9607,9.208333333,7.802083333,1,0.625,1,2,0,0
9609,0.260416667,0,0.125,0,3,0,0,0
9610,10.3125,8.927083333,0.75,0.625,1,1,0,0
9611,3.40625,9.4375,0.375,0.75,2,3,0,0
9612,8.072916667,3.65625,0.875,0.375,2,2,0,0
9613,0,7.447916667,0,0.875,0,4,0,0
9615,6.9375,8.8125,0.75,0.75,2,3,0,0
9616,8.697916667,8.708333333,0.875,1,2,2,0,0
9617,5.666666667,12.08333333,0.5,1,1,3,0,0
9619,3.916666667,3.041666667,0.5,0.5,3,2,0,0
9620,4.541666667,7.947916667,0.5,0.875,1,3,0,0
9621,0.8125,3.3125,0.75,0.75,1,1,0,0
9622,8.552083333,15.08333333,0.625,1,5,5,1,1
9624,4.177083333,10.94791667,0.625,0.875,1,2,0,0
9625,12.07291667,4.270833333,0.875,0.25,1,2,0,0
9626,0,0.135416667,0,0.125,0,1,0,0
9627,13.45833333,15.20833333,1,1,2,2,0,0
9628,7.427083333,13.32291667,0.625,0.875,1,1,0,0
9629,10.32291667,11.45833333,0.875,1,3,3,0,0
9630,13.70833333,9.052083333,1,0.625,4,4,0,0
9631,5.052083333,11.19791667,0.625,0.875,2,3,0,0
9632,5.322916667,10.08333333,0.875,1,3,3,0,0
9633,15.08333333,15.96875,1,1,4,4,0,0
9634,5.291666667,6.677083333,0.5,0.625,2,2,0,0
9635,10.95833333,8.552083333,1,0.625,2,2,0,0
9636,10.20833333,10.1875,1,0.75,2,2,0,0
9637,12.44791667,9.5625,0.875,0.75,4,4,0,0
9638,3.40625,15.58333333,0.375,1,2,3,0,0
9639,4.761904762,4.035714286,0.571428571,0.428571429,2,2,0,0
9640,3.90625,9.072916667,0.375,0.875,2,3,0,0
9641,5.302083333,5.761904762,0.625,0.571428571,2,3,0,0
9642,3.677083333,8.197916667,0.625,0.875,2,3,0,0
9643,6.552083333,8.069444444,0.625,0.833333333,2,2,0,0
9644,13.44791667,11.44791667,0.875,0.875,3,3,0,0
9645,12.94791667,10.0625,0.875,0.625,3,3,0,0
9646,9.8125,16.20833333,0.75,1,4,4,0,0
9647,3.645833333,9.927083333,0.25,0.625,1,1,0,0
9648,16.76388889,12.90277778,1,0.833333333,4,4,0,0
9649,14.95833333,15.96875,1,1,3,3,0,0
9651,15.33333333,11.3125,1,0.75,3,3,0,0
9653,13.82291667,14.57291667,0.875,0.875,3,3,0,0
9655,5.53125,9.697916667,0.375,0.875,1,1,0,0
9656,9.4375,8.677083333,0.75,0.625,2,2,0,0
9657,12.44791667,7.427083333,0.875,0.625,3,3,0,0
9658,15.45833333,13.44791667,1,0.875,4,3,0,0
9659,12.90277778,9.055555556,0.833333333,0.666666667,2,2,0,0
9660,10.3125,14.08333333,0.75,1,4,4,0,0
9663,10.82291667,10.4375,0.875,0.75,3,2,0,0
9664,4.15625,6.302083333,0.375,0.625,2,3,0,0
9665,4.03125,12.07291667,0.375,0.875,2,3,0,0
9666,6.791666667,8.302083333,0.5,0.625,2,2,0,0
9667,14.45833333,3.520833333,1,0.25,2,2,0,0
9668,14.58333333,14.70833333,1,1,2,3,0,0
9669,7.8125,8.4375,0.75,0.75,2,3,0,0
9670,11.45833333,12.45833333,1,1,3,4,0,0
9671,9.197916667,11.57291667,0.875,0.875,2,3,0,0
9672,12.07291667,13.33333333,0.875,1,2,3,0,0
9673,10.95833333,11.20833333,1,1,2,3,0,0
9676,9.8125,12.95833333,0.75,1,2,3,0,0
9677,14.33333333,10.9375,1,0.75,3,3,0,0
9678,12.44791667,16.20833333,0.875,1,2,3,0,0
9679,12.95833333,13.83333333,1,1,3,3,0,0
9680,13.33333333,13.83333333,1,1,3,2,0,0
9681,7.291666667,13.32291667,0.5,0.875,5,5,1,1
9682,8.427083333,6.916666667,0.625,0.5,2,2,0,0
9683,2.145833333,15.72916667,0.25,1,1,2,0,0
9684,14.33333333,11.07291667,1,0.75,1,2,0,0
9685,7.302083333,6.541666667,0.625,0.5,2,2,0,0
9686,6.927083333,3.333333333,0.625,1,2,1,0,0
9687,5.791666667,5.041666667,0.5,0.5,2,2,0,0
9689,7.302083333,7.041666667,0.625,0.5,1,1,0,0
9690,12.57291667,12.32291667,0.875,0.875,1,1,0,0
9691,13.95833333,15.84375,1,1,2,2,0,0
9692,11.0625,11.1875,0.75,0.75,1,1,0,0
9693,8.677083333,5.40625,0.625,0.375,1,1,0,0
9694,7.927083333,12.08333333,0.625,0.875,1,1,0,0
9695,6.416666667,10.1875,0.5,0.75,1,1,0,0
9696,6.791666667,9.052083333,0.5,0.625,1,1,0,0
9697,6.947916667,8.322916667,0.875,0.875,2,3,0,0
9698,14.95833333,14.95833333,1,1,3,3,0,0
9699,13.58333333,8.802083333,1,0.625,2,2,0,0
9700,9.9375,8.302083333,0.75,0.625,1,1,0,0
9701,3.0625,0.885416667,0.75,0.125,1,2,0,0
9703,3.645833333,15.45833333,0.25,1,4,4,0,0
9704,5.15625,14.45833333,0.375,1,2,3,0,0
9705,2.770833333,13.51190476,0.25,1,2,3,0,0
9706,5.552083333,13.58333333,0.625,1,1,2,0,0
9707,9.4375,11.94791667,0.75,0.875,2,3,0,0
9708,15.45833333,16.59375,1,1,5,5,1,1
9709,13.07291667,9.177083333,0.875,0.625,4,4,0,0
9710,11.08333333,13.20833333,1,1,1,2,0,0
9711,14.83333333,14.95833333,1,1,1,4,0,0
9712,13.95833333,13.83333333,1,1,2,2,0,0
9713,10.5625,9.427083333,0.75,0.625,4,4,0,0
9714,15.20833333,15.45833333,1,1,3,3,0,0
9716,9.0625,7.677083333,0.75,0.625,3,3,0,0
9717,9.5625,10.83333333,0.75,1,2,3,0,0
9718,11.44791667,11.45833333,0.875,1,4,4,0,0
9719,4.40625,15.08333333,0.375,1,2,3,0,0
9720,7.8125,6.291666667,0.75,0.5,1,3,0,0
9721,3.270833333,10.08333333,0.25,1,1,4,0,0
9722,13.58333333,12.07291667,1,0.875,3,4,0,0
9723,12.95833333,13.58333333,1,1,2,3,0,0
9725,0.520833333,4.0625,0.25,0.75,1,2,0,0
9726,13.58333333,11.95833333,1,1,3,3,0,0
9728,11.69791667,15.83333333,0.875,1,2,3,0,0
9730,14.45833333,15.58333333,1,1,4,4,0,0
9731,11.07291667,9.1875,0.875,0.75,2,3,0,0
9732,4.90625,7.677083333,0.375,0.625,5,5,1,1
9733,3.78125,9.5625,0.375,0.75,2,3,0,0
9735,8.0625,8.947916667,0.75,0.875,2,3,0,0
9736,6.572916667,5.041666667,0.875,0.5,1,2,0,0
9737,3.666666667,8.4375,0.5,0.75,2,2,0,0
9738,12.07291667,14.45833333,0.875,1,2,2,0,0
9741,10.9375,15.33333333,0.75,1,3,3,0,0
9743,6.541666667,14.95833333,0.5,1,2,3,0,0
9744,9.427083333,14.08333333,0.625,0.875,2,3,0,0
9745,3.53125,8.177083333,0.375,0.625,1,3,0,0
9747,6.291666667,12.0625,0.5,0.75,5,5,1,1
9748,4.03125,13.70833333,0.375,1,1,2,0,0
9749,5.416666667,2.770833333,0.5,0.25,3,3,0,0
9754,0,3.145833333,0,0.25,0,2,0,0
9755,2.020833333,12.95833333,0.25,1,2,3,0,0
9756,9.197916667,1.385416667,0.875,0.125,3,3,0,0
9757,13.20833333,8.802083333,1,0.625,4,4,0,0
9758,10.57291667,11.32291667,0.875,0.875,4,4,0,0
9759,0.869047619,2.880952381,0.142857143,0.285714286,2,4,0,0
9761,3.395833333,8.3125,0.25,0.75,2,3,0,0
9762,4.666666667,5.552083333,0.5,0.625,1,2,0,0
9764,7.947916667,5.1875,0.875,0.75,1,1,0,0
9766,8.166666667,11.4375,0.5,0.75,4,4,0,0
9768,9.1875,8.052083333,0.625,0.625,3,3,0,0
9769,5.65625,11.3125,0.375,0.75,2,3,0,0
9770,9.427083333,10.6875,0.625,0.75,2,2,0,0
9771,8.4375,12.08333333,0.75,1,2,2,0,0
9772,11.32291667,14.46875,0.875,1,3,3,0,0
9774,14.84375,15.59375,1,1,2,2,0,0
9775,13.08333333,13.58333333,1,1,3,3,0,0
9776,13.94791667,15.08333333,0.875,1,4,4,0,0
9777,9.677083333,7.416666667,0.625,0.5,4,4,0,0
9778,4.03125,12.08333333,0.375,1,2,3,0,0
9779,11.0625,13.32291667,0.75,0.875,2,4,0,0
9780,13.33333333,14.33333333,1,1,4,3,0,0
9781,8.927083333,3.395833333,0.625,0.25,4,4,0,0
9782,11.57291667,14.08333333,0.875,1,3,3,0,0
9783,12.08333333,3.78125,1,0.375,3,2,0,0
9784,12.32291667,9.552083333,0.875,0.625,4,4,0,0
9785,7.041666667,10.58333333,0.5,1,3,3,0,0
9786,7.927083333,15.20833333,0.625,1,4,4,0,0
9787,9.8125,9.6875,0.75,0.75,2,3,0,0
9788,3.895833333,10.1875,0.25,0.75,4,4,0,0
9789,8.9375,10.70833333,0.75,1,4,3,0,0
9790,6.697916667,4.791666667,0.875,0.5,2,2,0,0
9791,14.70833333,14.20833333,1,1,3,3,0,0
9792,9.9375,13.58333333,0.75,1,3,3,0,0
9793,15.20833333,16.84375,1,1,4,4,0,0
9794,9.322916667,10.58333333,0.875,1,3,4,0,0
9795,12.57291667,14.83333333,0.875,1,4,3,0,0
9796,3.145833333,7.802083333,0.25,0.625,1,2,0,0
9797,7.177083333,13.58333333,0.625,1,3,3,0,0
9798,12.58333333,12.07291667,1,0.875,3,4,0,0
9799,10.69791667,2.520833333,0.875,0.25,2,3,0,0
9800,9.0625,8.552083333,0.75,0.625,3,3,0,0
9801,15.20833333,15.33333333,1,1,3,3,0,0
9802,9.4375,13.70833333,0.75,1,3,3,0,0
9803,13.20833333,14.95833333,1,1,1,1,0,0
9804,14.95833333,14.32291667,1,0.875,2,1,0,0
9805,12.58333333,9.8125,1,0.75,3,3,0,0
9806,13.83333333,14.08333333,1,1,3,2,0,0
9807,11.94791667,10.9375,0.875,0.75,3,3,0,0
9808,15.6547619,14.58333333,1,1,3,3,0,0
9809,14.08333333,11.3125,1,0.75,3,3,0,0
9810,3.416666667,17.76388889,0.2,1,4,4,0,0
9812,5.03125,14.25,0.375,1,2,2,0,0
9815,1.760416667,15.20833333,0.125,1,2,3,0,0
9816,6.927083333,8.055555556,0.625,0.666666667,4,4,0,0
9822,7.041666667,8.552083333,0.5,0.625,2,2,0,0
9823,3.520833333,13.57291667,0.25,0.875,1,3,0,0
9824,16.08333333,16.20833333,1,1,2,2,0,0
9825,5.03125,9.9375,0.375,0.75,2,2,0,0
9826,6.416666667,3.520833333,0.5,0.25,1,1,0,0
9827,11.19791667,12.95833333,0.875,1,2,3,0,0
9828,10.4375,12.32291667,0.75,0.875,2,4,0,0
9830,6.541666667,13.70833333,0.5,1,3,3,0,0
9831,8.802083333,6.916666667,0.625,0.5,4,4,0,0
9832,3.645833333,8.19047619,0.25,0.571428571,2,2,0,0
9833,5.03125,12.69791667,0.375,0.875,3,3,0,0
9834,4.40625,9.052083333,0.375,0.625,1,2,0,0
9835,3.520833333,5.40625,0.25,0.375,2,2,0,0
9836,12.69791667,7.416666667,0.875,0.5,2,3,0,0
9837,6.041666667,5.791666667,0.5,0.5,1,3,0,0
9839,11.08333333,13.58333333,1,1,2,2,0,0
9843,6.291666667,8.0625,0.5,0.75,2,2,0,0
9846,5.65625,8.041666667,0.375,0.5,2,2,0,0
9849,12.69791667,16.45833333,0.875,1,2,4,0,0
9850,9.6875,15.20833333,0.75,1,1,1,0,0
9851,10.4375,16.20833333,0.75,1,1,1,0,0
9852,8.802083333,16.33333333,0.625,1,1,1,0,0
9853,13.82291667,17.21875,0.875,1,1,1,0,0
9854,11.0625,15.58333333,0.75,1,1,2,0,0
9855,6.791666667,9.302083333,0.5,0.625,1,1,0,0
9856,5.541666667,8.302083333,0.5,0.625,1,1,0,0
9857,14.33333333,12.82291667,1,0.875,1,1,0,0
9858,10.8125,11.6875,0.75,0.75,2,2,0,0
9859,13.78571429,17.08333333,0.857142857,1,2,2,0,0
9860,14.83333333,9.677083333,1,0.625,2,2,0,0
9861,9.9375,12.82291667,0.75,0.875,1,1,0,0
9862,5.40625,6.15625,0.375,0.375,1,1,0,0
9864,12.69791667,8.802083333,0.875,0.625,2,1,0,0
9867,8.177083333,8.947916667,0.625,0.875,2,1,0,0
9868,10.32291667,13.08333333,0.875,1,2,3,0,0
9870,13.70833333,12.69791667,1,0.875,3,2,0,0
9877,3.770833333,16.20833333,0.25,1,1,2,0,0
9878,9.552083333,11.4375,0.625,0.75,1,2,0,0
9879,5.40625,15.20833333,0.375,1,1,2,0,0
9880,13.33333333,17.60416667,0.875,1,2,2,0,0
9881,10.32291667,19.125,0.5,1,1,2,0,0
9882,13.83333333,10.0625,1,0.75,2,2,0,0
9883,12.82291667,10.3125,0.875,0.75,1,2,0,0
9885,15.08333333,14.19791667,1,0.875,2,3,0,0
9886,5.916666667,5.916666667,0.5,0.5,1,1,0,0
9887,5.03125,8.072916667,0.375,0.875,1,1,0,0
9888,8.052083333,11.4375,0.625,0.75,1,1,0,0
9890,12.44791667,16.59375,0.875,1,1,2,0,0
9891,13.83333333,14.58333333,1,1,1,2,0,0
9892,5.40625,5.53125,0.375,0.375,5,5,1,1
9894,9.552083333,15.33333333,0.625,1,1,2,0,0
9895,0,10.42708333,0,0.625,0,3,0,0
9897,3.520833333,12.3125,0.25,0.75,1,2,0,0
9898,12.57291667,16.96875,0.875,1,3,3,0,0
9899,11.44791667,12.82291667,0.875,0.875,1,2,0,0
9900,7.427083333,12.58333333,0.625,1,3,3,0,0
9901,10.3125,14.08333333,0.75,0.875,2,3,0,0
9902,3.270833333,11.9375,0.25,0.75,2,2,0,0
9903,15.09375,11.9375,1,0.75,5,5,1,1
9904,12.57291667,3.020833333,0.875,0.25,2,2,0,0
9905,11.69791667,15.58333333,0.875,1,2,2,0,0
9906,3.395833333,10.05208333,0.25,0.625,2,2,0,0
9908,10.69791667,10.57291667,0.875,0.875,2,2,0,0
9910,13.95833333,16.83333333,1,1,3,2,0,0
9911,15.20833333,16.46875,1,1,3,3,0,0
9912,7.666666667,14.69791667,0.5,0.875,3,3,0,0
9917,7.9375,6.333333333,0.75,1,3,4,0,0
9918,8.302083333,8.302083333,0.625,0.625,4,4,0,0
9920,7.302083333,16.33333333,0.625,1,3,4,0,0
9925,11.23611111,12.56944444,0.833333333,0.833333333,2,2,0,0
9926,13.08333333,14.33333333,1,1,3,4,0,0
9927,10.1875,11.9375,0.75,0.75,5,5,1,1
9933,10.17708333,16.33333333,0.625,1,4,5,0,1
9935,4.145833333,8.541666667,0.25,0.5,1,1,0,0
9937,11.95833333,13.70833333,1,1,3,2,0,0
9945,7.427083333,11.82291667,0.625,0.875,3,4,0,0
9948,6.791666667,15.25,0.5,1,3,2,0,0
9949,13.33333333,14.70833333,1,1,4,3,0,0
9950,14.95833333,10.70833333,1,1,4,3,0,0
9952,7.166666667,14.20833333,0.5,1,4,4,0,0
9953,11.32291667,9.177083333,0.875,0.625,4,4,0,0
9955,10.45833333,11.94791667,1,0.875,3,2,0,0
9956,12.44791667,15.70833333,0.875,1,2,3,0,0
9957,14.08333333,10.82291667,1,0.875,2,2,0,0
9958,5.03125,14.20833333,0.375,1,1,2,0,0
9959,11.0625,16.08333333,0.75,1,3,3,0,0
9960,14.95833333,14.44791667,1,0.875,3,2,0,0
9962,4.90625,3.65625,0.375,0.375,1,1,0,0
9963,12.69791667,10.05208333,0.875,0.625,5,5,1,1
9964,14.70833333,12.94791667,1,0.875,2,2,0,0
9965,9.9375,12.19791667,0.75,0.875,1,1,0,0
9966,11.69791667,10.82291667,0.875,0.875,2,2,0,0
9970,14.58333333,15.33333333,1,1,3,3,0,0
9975,6.666666667,9.302083333,0.5,0.625,2,2,0,0
9978,14.95833333,16.38095238,1,1,2,2,0,0
9982,3.770833333,16.83333333,0.25,1,5,5,1,1
9984,4.78125,10.05208333,0.375,0.625,2,3,0,0
9986,14.33333333,13.44791667,1,0.875,3,3,0,0
9987,12.69791667,5.53125,0.875,0.375,1,2,0,0
9988,12.44791667,11.8125,0.875,0.75,3,3,0,0
9990,13.95833333,10.30208333,0.875,0.625,2,2,0,0
9991,10.05208333,10.67708333,0.625,0.625,2,2,0,0
9993,8.947916667,10.33333333,0.875,1,1,2,0,0
9995,13.82291667,14.32291667,0.875,0.875,5,5,1,1
9996,13.82291667,16.20833333,0.875,1,5,5,1,1
9997,3.270833333,7.427083333,0.25,0.625,1,2,0,0
9998,3.395833333,7.416666667,0.25,0.5,1,2,0,0
9999,13.45833333,14.95833333,1,1,2,3,0,0
10001,9.572916667,13.94791667,0.875,0.875,3,3,0,0
10002,6.333333333,12.66666667,0.285714286,0.857142857,3,3,0,0
10004,13.57291667,17.08333333,0.875,1,3,4,0,0
10005,17.08333333,17.08333333,1,1,3,4,0,0
10006,14.95833333,15.95833333,1,1,2,2,0,0
10008,15.45833333,16.20833333,1,1,3,3,0,0
10009,13.58333333,15.83333333,1,1,3,3,0,0
10010,13.08333333,14.08333333,1,1,3,3,0,0
10011,16.08333333,14.23611111,1,0.833333333,3,2,0,0
10012,12.3125,15.95833333,0.75,1,1,1,0,0
10013,12.82291667,15.58333333,0.875,1,2,2,0,0
10014,7.041666667,9.677083333,0.5,0.625,1,2,0,0
10015,15.83333333,16.08333333,1,1,2,2,0,0
10017,14.45833333,14.32291667,1,0.875,2,2,0,0
10018,12.82291667,12.4375,0.875,0.75,1,3,0,0
10020,8.802083333,14.58333333,0.625,1,1,2,0,0
10022,1.635416667,10.9375,0.125,0.75,1,3,0,0
10023,4.53125,14.20833333,0.375,1,1,2,0,0
10027,12.70833333,12.0625,1,0.75,3,4,0,0
14312,11.82291667,7.416666667,0.875,0.5,1,1,0,0
14313,13.33333333,14.08333333,1,1,1,2,0,0
14314,8.802083333,6.03125,0.625,0.375,2,2,0,0
14315,7.541666667,2.770833333,0.5,0.25,1,1,0,0
14318,7.791666667,10.1875,0.5,0.75,1,1,0,0
14319,8.802083333,15.95833333,0.625,1,2,3,0,0
15560,13.95833333,13.94791667,1,0.875,1,2,0,0
15591,9.427083333,16.58333333,0.625,1,1,2,0,0
15592,12.57291667,16.51190476,0.875,1,4,4,0,0
15593,10.0625,15.58333333,0.75,1,2,2,0,0
